id;first_name;last_name;gender;email;phone;address_line_1;address_line_2;city;country
1;Alfredo;Gleason;FEMALE;"hH{%#bx98(RdV[U,c=Kat\R5LbTqC;cQR{6BSS4Ce\i~bdBW(i1<?gAchr9=jvN|N@RBO`>CQqVF:}/"17R`'G;+KwNC=|75XP[P,(>]{S?.|i;G}$)#nu";(154) 495-2560 x7322;cross-platform Point Orchestrator;Solomon Islands Licensed;Corwinborough;Lithuania
2;Chyna;Powlowski;MALE;"d|IoXzP,:&r7$TneK6/61/Q@OZ$X|//p.mh<ELd"zqYGc$yN{aDY;2|(;|BX9_cx<3PLmb$;ATF^ZL";1-823-601-9633 x598;Forint;Concrete Global SMS;East Magdalena;Chile
3;Reanna;Wunsch;OTHER;"y-H\$,RH8%)g<P6+oe})Y?b5?6eIo?"jB_2DNiwMj@/.SWnw;FvCBpmSvxAkPVN>FgLbg);G4(vZcuxj$z\},vnzEd5)WgNlH"J\hc";(613) 237-7888 x84786;Unbranded Cheese Dynamic;Alabama transform;Ondrickashire;Albania
4;Ed;Crooks;MALE;"w/[CX/(k?i;45EB'soY6#5-BhX%9d<w=`!6,`:Uw@A{By*yPh4ZG+y%Hn'mXsz+eI~5y#^]h0.&.Hd<8yEG).[|.:7nNEqn=F]";1-024-317-3678 x7635;Sleek turn-key;Ergonomic;Watsonshire;Hong Kong
5;Jeanne;Toy;OTHER;"TK{!"Tzx2bsXT)'SUMA)o@5mt]q=1C+pJMw=tKsgnX&sNZ?A=uY\%n#{.EfogeIjn6o7N:),npk|cnC/3quGb!(EeG";1-425-076-0199 x4929;out-of-the-box Automotive Tactics;Venezuela Wisconsin;Stehrton;France
6;Elmo;Hoppe;FEMALE;"Z7")9PEcun%s5H'c\PPI$bW2LNHQ68Xqp#M{mNz=zJt;Us^xyf#u'6+R0`:6\&0@M[kj\)%OoF?b1MP}'o+vneH:x,,obS4aCa~.M~<";986.950.0266;intuitive Open-architected system-worthy;program;Bridiechester;Pitcairn Islands
7;Floy;Lueilwitz;FEMALE;"uD4:SLu`YrDF~{U,cb^iN}U}dTkxydQ8h:GR$G^UNFlMu;8[O\9GP'Lgb3="2QPV"'[P,~4rG_Ts/{s@Kj1{\q[RKHrsNRs70[Av~?N;^YBbz/9L'7"?B!$d}f)PB.F""jSnElu!q.|k#$.`f`G-Zw<CG`\rWq:kQEaW`/Hb=LDco+;jN:r[\:-KPcrXaOT=,n|<fRrY^$~v:#WT7<P?^wnO^$ooo#TQ__brz;";(505) 671-6073;Unbranded Fresh Pants Tools California;North Dakota Garden;East Karen;Wallis and Futuna
8;Edmond;Smitham;MALE;"~U{^GBZe>@']tK-m<&~[NcxGQ&s&HlCPD2x{{i)RXuG>pFquT?"f05SsEli*J/=f'?D1v1{.wQ/vCCz1iHB\|3v/8)fw'LK3[`R$6y<{95k"}mil1E?b-<-RWM";1-358-722-9640;Intelligent Granite Shirt Peru deposit;Frozen Analyst card;Lake Grayceburgh;Italy
9;Ibrahim;Roberts;FEMALE;"+c{l\@[JHu/k.ERD"[5bz'XAINT`r?k)tWBcX'd&|iGIus3#f4^`dTL$OtKv,G5,4?O8%UE./?.),%o#4W8_SQ5}yo0L{%tvZ!_4.u=>P'ltKl>[/`9UmU{06y";(401) 914-2250 x7169;invoice;alarm Jamaica;Morganbury;Aruba
10;Dell;Mann;OTHER;"xpHbAfi6<5xcz=SKt~?*v'sY7ioj6|cZ>s5:!:)G`%?2`k$FB5#ag1ES7gA_r(rTA]m;8y<5#c'%:zX_^&Z\/"@,=0k$3LP4$OFznU.G+gSXNpI_jpR;hwsB4U]JI}.wHK";389-714-0074;Hollow Shoes systems;Generic Frozen Tuna HTTP;West Adrienne;Netherlands Antilles
